,question,template,template_id,question_type,query_type,query_variables,bgp_variables,triples_list,template_processed_triples
0,Who is the  {country} for {head of state} of {Mahmoud Abbas},<?S P O ; ?S InstanceOf Type>,2,Multi fact,SelectQuery,[rdflib.term.Variable('sbj')],{rdflib.term.Variable('sbj')},"[(rdflib.term.Variable('sbj'), rdflib.term.URIRef('http://www.wikidata.org/prop/direct/P31'), rdflib.term.URIRef('http://www.wikidata.org/entity/Q6256')), (rdflib.term.Variable('sbj'), rdflib.term.URIRef('http://www.wikidata.org/prop/direct/P35'), rdflib.term.URIRef('http://www.wikidata.org/entity/Q127998'))]","[(rdflib.term.URIRef('param_var1'), rdflib.term.URIRef('uri_ref_1'), rdflib.term.URIRef('uri_ref_2')), (rdflib.term.URIRef('param_var1'), rdflib.term.URIRef('uri_ref_3'), rdflib.term.URIRef('uri_ref_4'))]"
1,What was the population of Somalia in 2009-0-0?,(E pred F) prop ?value,statement_property_2,Temporal,SelectQuery,[rdflib.term.Variable('obj')],"{rdflib.term.Variable('s'), rdflib.term.Variable('obj'), rdflib.term.Variable('x')}","[(rdflib.term.URIRef('http://www.wikidata.org/entity/Q1045'), rdflib.term.URIRef('http://www.wikidata.org/prop/P1082'), rdflib.term.Variable('s')), (rdflib.term.Variable('s'), rdflib.term.URIRef('http://www.wikidata.org/prop/qualifier/P585'), rdflib.term.Variable('x')), (rdflib.term.Variable('s'), rdflib.term.URIRef('http://www.wikidata.org/prop/statement/P1082'), rdflib.term.Variable('obj'))]","[(rdflib.term.URIRef('uri_ref_1'), rdflib.term.URIRef('uri_ref_2'), rdflib.term.URIRef('var1')), (rdflib.term.URIRef('var1'), rdflib.term.URIRef('uri_ref_3'), rdflib.term.URIRef('var2')), (rdflib.term.URIRef('var1'), rdflib.term.URIRef('uri_ref_4'), rdflib.term.URIRef('param_var1'))]"
2,Which female actress is the voice over on South Park and is employed as a singer?,E REF ?F . ?F RFG G,1,Multi fact,SelectQuery,[rdflib.term.Variable('answer')],{rdflib.term.Variable('answer')},"[(rdflib.term.Variable('answer'), rdflib.term.URIRef('http://www.wikidata.org/prop/direct/P106'), rdflib.term.URIRef('http://www.wikidata.org/entity/Q177220')), (rdflib.term.URIRef('http://www.wikidata.org/entity/Q16538'), rdflib.term.URIRef('http://www.wikidata.org/prop/direct/P725'), rdflib.term.Variable('answer'))]","[(rdflib.term.URIRef('param_var1'), rdflib.term.URIRef('uri_ref_1'), rdflib.term.URIRef('uri_ref_2')), (rdflib.term.URIRef('uri_ref_3'), rdflib.term.URIRef('uri_ref_4'), rdflib.term.URIRef('param_var1'))]"
3,On Lake Winnipeg what is the lakes on river?,?D RDE E,1.2,Single fact,SelectQuery,[rdflib.term.Variable('answer')],{rdflib.term.Variable('answer')},"[(rdflib.term.Variable('answer'), rdflib.term.URIRef('http://www.wikidata.org/prop/direct/P469'), rdflib.term.URIRef('http://www.wikidata.org/entity/Q3272'))]","[(rdflib.term.URIRef('param_var1'), rdflib.term.URIRef('uri_ref_1'), rdflib.term.URIRef('uri_ref_2'))]"
4,What open cluster has the largest radius?,"?E is_a Type, ?E pred Obj  value. MAX/MIN (value)",Rank1,Ranking,SelectQuery,[rdflib.term.Variable('ent')],"{rdflib.term.Variable('obj'), rdflib.term.Variable('ent')}","[(rdflib.term.Variable('ent'), rdflib.term.URIRef('http://www.wikidata.org/prop/direct/P31'), rdflib.term.URIRef('http://www.wikidata.org/entity/Q11387')), (rdflib.term.Variable('ent'), rdflib.term.URIRef('http://www.wikidata.org/prop/direct/P2120'), rdflib.term.Variable('obj'))]","[(rdflib.term.URIRef('param_var1'), rdflib.term.URIRef('uri_ref_1'), rdflib.term.URIRef('uri_ref_2')), (rdflib.term.URIRef('param_var1'), rdflib.term.URIRef('uri_ref_3'), rdflib.term.URIRef('var1'))]"
5,What is the end time for Whitehaven resident Jonathan Swift?,(E pred ?Obj ) prop value,statement_property_1,Temporal,SelectQuery,[rdflib.term.Variable('value')],"{rdflib.term.Variable('value'), rdflib.term.Variable('s')}","[(rdflib.term.Variable('s'), rdflib.term.URIRef('http://www.wikidata.org/prop/statement/P551'), rdflib.term.URIRef('http://www.wikidata.org/entity/Q1012481')), (rdflib.term.URIRef('http://www.wikidata.org/entity/Q41166'), rdflib.term.URIRef('http://www.wikidata.org/prop/P551'), rdflib.term.Variable('s')), (rdflib.term.Variable('s'), rdflib.term.URIRef('http://www.wikidata.org/prop/qualifier/P582'), rdflib.term.Variable('value'))]","[(rdflib.term.URIRef('var1'), rdflib.term.URIRef('uri_ref_1'), rdflib.term.URIRef('uri_ref_2')), (rdflib.term.URIRef('uri_ref_3'), rdflib.term.URIRef('uri_ref_4'), rdflib.term.URIRef('var1')), (rdflib.term.URIRef('var1'), rdflib.term.URIRef('uri_ref_5'), rdflib.term.URIRef('param_var1'))]"
6,Tell me the historical period which is part of the time period of Muromachi period and whose name contains the word period?, <?S P O ; ?S instanceOf Type ; contains word >,3,Multi fact,SelectQuery,"[rdflib.term.Variable('sbj'), rdflib.term.Variable('sbj_label')]","{rdflib.term.Variable('sbj'), rdflib.term.Variable('sbj_label')}","[(rdflib.term.Variable('sbj'), rdflib.term.URIRef('http://www.wikidata.org/prop/direct/P2348'), rdflib.term.URIRef('http://www.wikidata.org/entity/Q334845')), (rdflib.term.Variable('sbj'), rdflib.term.URIRef('http://www.wikidata.org/prop/direct/P31'), rdflib.term.URIRef('http://www.wikidata.org/entity/Q11514315')), (rdflib.term.Variable('sbj'), rdflib.term.URIRef('http://www.w3.org/2000/01/rdf-schema#label'), rdflib.term.Variable('sbj_label'))]","[(rdflib.term.URIRef('param_var1'), rdflib.term.URIRef('uri_ref_1'), rdflib.term.URIRef('uri_ref_2')), (rdflib.term.URIRef('param_var1'), rdflib.term.URIRef('uri_ref_3'), rdflib.term.URIRef('uri_ref_4')), (rdflib.term.URIRef('param_var1'), rdflib.term.URIRef('uri_ref_5'), rdflib.term.URIRef('param_var2'))]"
7,Which is the PIM authority ID of Paul Erdős?,E REF ?F,1.1,Single fact,SelectQuery,[rdflib.term.Variable('answer')],{rdflib.term.Variable('answer')},"[(rdflib.term.URIRef('http://www.wikidata.org/entity/Q173746'), rdflib.term.URIRef('http://www.wikidata.org/prop/direct/P3973'), rdflib.term.Variable('answer'))]","[(rdflib.term.URIRef('uri_ref_1'), rdflib.term.URIRef('uri_ref_2'), rdflib.term.URIRef('param_var1'))]"
8,What is the cause and place of John Denver's death?,select where (ent-pred-obj1 . ent-pred-obj2),1,Two intention,SelectQuery,"[rdflib.term.Variable('ans_1'), rdflib.term.Variable('ans_2')]","{rdflib.term.Variable('ans_2'), rdflib.term.Variable('ans_1')}","[(rdflib.term.URIRef('http://www.wikidata.org/entity/Q105460'), rdflib.term.URIRef('http://www.wikidata.org/prop/direct/P20'), rdflib.term.Variable('ans_2')), (rdflib.term.URIRef('http://www.wikidata.org/entity/Q105460'), rdflib.term.URIRef('http://www.wikidata.org/prop/direct/P509'), rdflib.term.Variable('ans_1'))]","[(rdflib.term.URIRef('uri_ref_1'), rdflib.term.URIRef('uri_ref_2'), rdflib.term.URIRef('param_var2')), (rdflib.term.URIRef('uri_ref_1'), rdflib.term.URIRef('uri_ref_3'), rdflib.term.URIRef('param_var1'))]"
9,who married to of actor of Bepanaah ?,C RCD xD . xD RDE ?E,5,Multi fact,SelectQuery,[rdflib.term.Variable('answer')],"{rdflib.term.Variable('answer'), rdflib.term.Variable('X')}","[(rdflib.term.URIRef('http://www.wikidata.org/entity/Q4890903'), rdflib.term.URIRef('http://www.wikidata.org/prop/direct/P161'), rdflib.term.Variable('X')), (rdflib.term.Variable('X'), rdflib.term.URIRef('http://www.wikidata.org/prop/direct/P26'), rdflib.term.Variable('answer'))]","[(rdflib.term.URIRef('uri_ref_1'), rdflib.term.URIRef('uri_ref_2'), rdflib.term.URIRef('var1')), (rdflib.term.URIRef('var1'), rdflib.term.URIRef('uri_ref_3'), rdflib.term.URIRef('param_var1'))]"
10,Charles the Bald has how many noble titles?,Count Obj (ent-pred-obj),Count_1,Count,SelectQuery,[rdflib.term.Variable('value')],{rdflib.term.Variable('obj')},"[(rdflib.term.URIRef('http://www.wikidata.org/entity/Q71231'), rdflib.term.URIRef('http://www.wikidata.org/prop/direct/P97'), rdflib.term.Variable('obj'))]","[(rdflib.term.URIRef('uri_ref_1'), rdflib.term.URIRef('uri_ref_2'), rdflib.term.URIRef('var1'))]"
11,How many forewords did John Lasseter author?,Count ent (ent-pred-obj),Count_2,Count,SelectQuery,[rdflib.term.Variable('value')],{rdflib.term.Variable('sub')},"[(rdflib.term.Variable('sub'), rdflib.term.URIRef('http://www.wikidata.org/prop/direct/P2679'), rdflib.term.URIRef('http://www.wikidata.org/entity/Q269214'))]","[(rdflib.term.URIRef('var1'), rdflib.term.URIRef('uri_ref_1'), rdflib.term.URIRef('uri_ref_2'))]"
12,Which fluorine-containing heterocyclic compound has the largest mass ?,?E is_a Type. ?E pred Obj. ?E-secondClause value. MAX (value),Rank2,Ranking,SelectQuery,[rdflib.term.Variable('ent')],"{rdflib.term.Variable('obj'), rdflib.term.Variable('ent')}","[(rdflib.term.Variable('ent'), rdflib.term.URIRef('http://www.wikidata.org/prop/direct/P31'), rdflib.term.URIRef('http://www.wikidata.org/entity/Q193430')), (rdflib.term.Variable('ent'), rdflib.term.URIRef('http://www.wikidata.org/prop/direct/P527'), rdflib.term.URIRef('http://www.wikidata.org/entity/Q650')), (rdflib.term.Variable('ent'), rdflib.term.URIRef('http://www.wikidata.org/prop/direct/P2067'), rdflib.term.Variable('obj'))]","[(rdflib.term.URIRef('param_var1'), rdflib.term.URIRef('uri_ref_1'), rdflib.term.URIRef('uri_ref_2')), (rdflib.term.URIRef('param_var1'), rdflib.term.URIRef('uri_ref_3'), rdflib.term.URIRef('uri_ref_4')), (rdflib.term.URIRef('param_var1'), rdflib.term.URIRef('uri_ref_5'), rdflib.term.URIRef('var1'))]"
13,what country whose highest judicial authority is the British Supreme Court for China and Japan starts with letter J, <?S P O ; ?S instanceOf Type ; starts with character >,4,String Operation,SelectQuery,"[rdflib.term.Variable('sbj'), rdflib.term.Variable('sbj_label')]","{rdflib.term.Variable('sbj'), rdflib.term.Variable('sbj_label')}","[(rdflib.term.Variable('sbj'), rdflib.term.URIRef('http://www.wikidata.org/prop/direct/P209'), rdflib.term.URIRef('http://www.wikidata.org/entity/Q3001101')), (rdflib.term.Variable('sbj'), rdflib.term.URIRef('http://www.wikidata.org/prop/direct/P31'), rdflib.term.URIRef('http://www.wikidata.org/entity/Q3624078')), (rdflib.term.Variable('sbj'), rdflib.term.URIRef('http://www.w3.org/2000/01/rdf-schema#label'), rdflib.term.Variable('sbj_label'))]","[(rdflib.term.URIRef('param_var1'), rdflib.term.URIRef('uri_ref_1'), rdflib.term.URIRef('uri_ref_2')), (rdflib.term.URIRef('param_var1'), rdflib.term.URIRef('uri_ref_3'), rdflib.term.URIRef('uri_ref_4')), (rdflib.term.URIRef('param_var1'), rdflib.term.URIRef('uri_ref_5'), rdflib.term.URIRef('param_var2'))]"
14,The head of state of Bermuda is what?,tbd,tbd,Single fact,SelectQuery,[rdflib.term.Variable('answer')],{rdflib.term.Variable('answer')},"[(rdflib.term.URIRef('http://www.wikidata.org/entity/Q23635'), rdflib.term.URIRef('http://www.wikidata.org/prop/direct/P35'), rdflib.term.Variable('answer'))]","[(rdflib.term.URIRef('uri_ref_1'), rdflib.term.URIRef('uri_ref_2'), rdflib.term.URIRef('param_var1'))]"
15,Where is the birthplace of Urban VI which is adjacent to San Giorgio a Crremano?,tbd,tbd, Multi fact,SelectQuery,[rdflib.term.Variable('answer')],{rdflib.term.Variable('answer')},"[(rdflib.term.Variable('answer'), rdflib.term.URIRef('http://www.wikidata.org/prop/direct/P47'), rdflib.term.URIRef('http://www.wikidata.org/entity/Q72497')), (rdflib.term.URIRef('http://www.wikidata.org/entity/Q171626'), rdflib.term.URIRef('http://www.wikidata.org/prop/direct/P19'), rdflib.term.Variable('answer'))]","[(rdflib.term.URIRef('param_var1'), rdflib.term.URIRef('uri_ref_1'), rdflib.term.URIRef('uri_ref_2')), (rdflib.term.URIRef('uri_ref_3'), rdflib.term.URIRef('uri_ref_4'), rdflib.term.URIRef('param_var1'))]"
16,Who is the translator of The Jungle Book?,tbd,tbd,Single fact,SelectQuery,[rdflib.term.Variable('obj')],{rdflib.term.Variable('obj')},"[(rdflib.term.Variable('obj'), rdflib.term.URIRef('http://www.wikidata.org/prop/direct/P31'), rdflib.term.URIRef('http://www.wikidata.org/entity/Q5')), (rdflib.term.URIRef('http://www.wikidata.org/entity/Q189509'), rdflib.term.URIRef('http://www.wikidata.org/prop/direct/P655'), rdflib.term.Variable('obj'))]","[(rdflib.term.URIRef('param_var1'), rdflib.term.URIRef('uri_ref_1'), rdflib.term.URIRef('uri_ref_2')), (rdflib.term.URIRef('uri_ref_3'), rdflib.term.URIRef('uri_ref_4'), rdflib.term.URIRef('param_var1'))]"
17,How many episodes are in the television series Friends?,tbd,tbd,Count,SelectQuery,[rdflib.term.Variable('sbj')],{rdflib.term.Variable('sbj')},"[(rdflib.term.Variable('sbj'), rdflib.term.URIRef('http://www.wikidata.org/prop/direct/P179'), rdflib.term.URIRef('http://www.wikidata.org/entity/Q79784')), (rdflib.term.Variable('sbj'), rdflib.term.URIRef('http://www.wikidata.org/prop/direct/P31'), rdflib.term.URIRef('http://www.wikidata.org/entity/Q21191270'))]","[(rdflib.term.URIRef('param_var1'), rdflib.term.URIRef('uri_ref_1'), rdflib.term.URIRef('uri_ref_2')), (rdflib.term.URIRef('param_var1'), rdflib.term.URIRef('uri_ref_3'), rdflib.term.URIRef('uri_ref_4'))]"
18,"Who are the writers of The Second Coming, whose deathplace is Menton?",tbd,tbd,Multi fact,SelectQuery,[rdflib.term.Variable('answer')],{rdflib.term.Variable('answer')},"[(rdflib.term.Variable('answer'), rdflib.term.URIRef('http://www.wikidata.org/prop/direct/P20'), rdflib.term.URIRef('http://www.wikidata.org/entity/Q180083')), (rdflib.term.URIRef('http://www.wikidata.org/entity/Q1754273'), rdflib.term.URIRef('http://www.wikidata.org/prop/direct/P50'), rdflib.term.Variable('answer'))]","[(rdflib.term.URIRef('param_var1'), rdflib.term.URIRef('uri_ref_1'), rdflib.term.URIRef('uri_ref_2')), (rdflib.term.URIRef('uri_ref_3'), rdflib.term.URIRef('uri_ref_4'), rdflib.term.URIRef('param_var1'))]"
19,What land are alumni of Francis from?,tbd,tbd,Multi fact,SelectQuery,[rdflib.term.Variable('answer')],"{rdflib.term.Variable('answer'), rdflib.term.Variable('X')}","[(rdflib.term.URIRef('http://www.wikidata.org/entity/Q450675'), rdflib.term.URIRef('http://www.wikidata.org/prop/direct/P69'), rdflib.term.Variable('X')), (rdflib.term.Variable('X'), rdflib.term.URIRef('http://www.wikidata.org/prop/direct/P17'), rdflib.term.Variable('answer'))]","[(rdflib.term.URIRef('uri_ref_1'), rdflib.term.URIRef('uri_ref_2'), rdflib.term.URIRef('var1')), (rdflib.term.URIRef('var1'), rdflib.term.URIRef('uri_ref_3'), rdflib.term.URIRef('param_var1'))]"
20,What kind of oil was used in the portrait of Vista geral do Centro S. Paulo 103?,tbd,tbd,Multi fact,SelectQuery,[rdflib.term.Variable('answer')],"{rdflib.term.Variable('answer'), rdflib.term.Variable('X')}","[(rdflib.term.URIRef('http://www.wikidata.org/entity/Q51099374'), rdflib.term.URIRef('http://www.wikidata.org/prop/direct/P180'), rdflib.term.Variable('X')), (rdflib.term.Variable('X'), rdflib.term.URIRef('http://www.wikidata.org/prop/direct/P618'), rdflib.term.Variable('answer'))]","[(rdflib.term.URIRef('uri_ref_1'), rdflib.term.URIRef('uri_ref_2'), rdflib.term.URIRef('var1')), (rdflib.term.URIRef('var1'), rdflib.term.URIRef('uri_ref_3'), rdflib.term.URIRef('param_var1'))]"
21,What was William Butler Yeats nominated for in the year 1918?,tbd,tbd,Temporal,SelectQuery,[rdflib.term.Variable('obj')],"{rdflib.term.Variable('s'), rdflib.term.Variable('obj'), rdflib.term.Variable('x')}","[(rdflib.term.URIRef('http://www.wikidata.org/entity/Q40213'), rdflib.term.URIRef('http://www.wikidata.org/prop/P1411'), rdflib.term.Variable('s')), (rdflib.term.Variable('s'), rdflib.term.URIRef('http://www.wikidata.org/prop/qualifier/P585'), rdflib.term.Variable('x')), (rdflib.term.Variable('s'), rdflib.term.URIRef('http://www.wikidata.org/prop/statement/P1411'), rdflib.term.Variable('obj'))]","[(rdflib.term.URIRef('uri_ref_1'), rdflib.term.URIRef('uri_ref_2'), rdflib.term.URIRef('var1')), (rdflib.term.URIRef('var1'), rdflib.term.URIRef('uri_ref_3'), rdflib.term.URIRef('var2')), (rdflib.term.URIRef('var1'), rdflib.term.URIRef('uri_ref_4'), rdflib.term.URIRef('param_var1'))]"
22,How long was Shirley Temple the United States Ambassador to Ghana?,tbd,tbd,Multi fact,SelectQuery,[rdflib.term.Variable('value')],"{rdflib.term.Variable('value'), rdflib.term.Variable('s')}","[(rdflib.term.Variable('s'), rdflib.term.URIRef('http://www.wikidata.org/prop/statement/P39'), rdflib.term.URIRef('http://www.wikidata.org/entity/Q7889302')), (rdflib.term.URIRef('http://www.wikidata.org/entity/Q182580'), rdflib.term.URIRef('http://www.wikidata.org/prop/P39'), rdflib.term.Variable('s')), (rdflib.term.Variable('s'), rdflib.term.URIRef('http://www.wikidata.org/prop/qualifier/P582'), rdflib.term.Variable('value'))]","[(rdflib.term.URIRef('var1'), rdflib.term.URIRef('uri_ref_1'), rdflib.term.URIRef('uri_ref_2')), (rdflib.term.URIRef('uri_ref_3'), rdflib.term.URIRef('uri_ref_4'), rdflib.term.URIRef('var1')), (rdflib.term.URIRef('var1'), rdflib.term.URIRef('uri_ref_5'), rdflib.term.URIRef('param_var1'))]"
23,Who is the film editor and director of Reservoir Dogs?,tbd,tbd,Multi fact,SelectQuery,"[rdflib.term.Variable('ans_1'), rdflib.term.Variable('ans_2')]","{rdflib.term.Variable('ans_2'), rdflib.term.Variable('ans_1')}","[(rdflib.term.URIRef('http://www.wikidata.org/entity/Q72962'), rdflib.term.URIRef('http://www.wikidata.org/prop/direct/P1040'), rdflib.term.Variable('ans_1')), (rdflib.term.URIRef('http://www.wikidata.org/entity/Q72962'), rdflib.term.URIRef('http://www.wikidata.org/prop/direct/P57'), rdflib.term.Variable('ans_2'))]","[(rdflib.term.URIRef('uri_ref_1'), rdflib.term.URIRef('uri_ref_2'), rdflib.term.URIRef('param_var1')), (rdflib.term.URIRef('uri_ref_1'), rdflib.term.URIRef('uri_ref_3'), rdflib.term.URIRef('param_var2'))]"
24,Who is the mother of Joseph Stalin and Yakov Dzhugashvili and when were they born?,tbd,tbd,Multi fact,SelectQuery,"[rdflib.term.Variable('value1'), rdflib.term.Variable('value2')]","{rdflib.term.Variable('s'), rdflib.term.Variable('value2'), rdflib.term.Variable('value1')}","[(rdflib.term.Variable('s'), rdflib.term.URIRef('http://www.wikidata.org/prop/statement/P40'), rdflib.term.URIRef('http://www.wikidata.org/entity/Q163816')), (rdflib.term.URIRef('http://www.wikidata.org/entity/Q855'), rdflib.term.URIRef('http://www.wikidata.org/prop/P40'), rdflib.term.Variable('s')), (rdflib.term.Variable('s'), rdflib.term.URIRef('http://www.wikidata.org/prop/qualifier/P25'), rdflib.term.Variable('value1')), (rdflib.term.Variable('s'), rdflib.term.URIRef('http://www.wikidata.org/prop/qualifier/P569'), rdflib.term.Variable('value2'))]","[(rdflib.term.URIRef('var1'), rdflib.term.URIRef('uri_ref_1'), rdflib.term.URIRef('uri_ref_2')), (rdflib.term.URIRef('uri_ref_3'), rdflib.term.URIRef('uri_ref_4'), rdflib.term.URIRef('var1')), (rdflib.term.URIRef('var1'), rdflib.term.URIRef('uri_ref_5'), rdflib.term.URIRef('param_var1')), (rdflib.term.URIRef('var1'), rdflib.term.URIRef('uri_ref_6'), rdflib.term.URIRef('param_var2'))]"
25,David Beckham is a member of what sports team and how many matches has he played?,tbd,tbd,Fact with qualifiers,SelectQuery,"[rdflib.term.Variable('value1'), rdflib.term.Variable('obj')]","{rdflib.term.Variable('s'), rdflib.term.Variable('obj'), rdflib.term.Variable('value1')}","[(rdflib.term.URIRef('http://www.wikidata.org/entity/Q10520'), rdflib.term.URIRef('http://www.wikidata.org/prop/P54'), rdflib.term.Variable('s')), (rdflib.term.Variable('s'), rdflib.term.URIRef('http://www.wikidata.org/prop/qualifier/P1350'), rdflib.term.Variable('value1')), (rdflib.term.Variable('s'), rdflib.term.URIRef('http://www.wikidata.org/prop/statement/P54'), rdflib.term.Variable('obj'))]","[(rdflib.term.URIRef('uri_ref_1'), rdflib.term.URIRef('uri_ref_2'), rdflib.term.URIRef('var1')), (rdflib.term.URIRef('var1'), rdflib.term.URIRef('uri_ref_3'), rdflib.term.URIRef('param_var1')), (rdflib.term.URIRef('var1'), rdflib.term.URIRef('uri_ref_4'), rdflib.term.URIRef('param_var2'))]"
26,Is Juan José Ibarretxe a chairperson of FC Barcelona?,tbd,tbd,Boolean,AskQuery,[],set(),"[(rdflib.term.URIRef('http://www.wikidata.org/entity/Q7156'), rdflib.term.URIRef('http://www.wikidata.org/prop/direct/P488'), rdflib.term.URIRef('http://www.wikidata.org/entity/Q351738'))]","[(rdflib.term.URIRef('uri_ref_1'), rdflib.term.URIRef('uri_ref_2'), rdflib.term.URIRef('uri_ref_3'))]"
27,Were Dutch and Hungarian the official languages of the Holy Roman Empire?,tbd,tbd,Boolean,AskQuery,[],set(),"[(rdflib.term.URIRef('http://www.wikidata.org/entity/Q12548'), rdflib.term.URIRef('http://www.wikidata.org/prop/direct/P37'), rdflib.term.URIRef('http://www.wikidata.org/entity/Q7411')), (rdflib.term.URIRef('http://www.wikidata.org/entity/Q12548'), rdflib.term.URIRef('http://www.wikidata.org/prop/direct/P37'), rdflib.term.URIRef('http://www.wikidata.org/entity/Q9067'))]","[(rdflib.term.URIRef('uri_ref_1'), rdflib.term.URIRef('uri_ref_2'), rdflib.term.URIRef('uri_ref_3')), (rdflib.term.URIRef('uri_ref_1'), rdflib.term.URIRef('uri_ref_2'), rdflib.term.URIRef('uri_ref_4'))]"
28,Does chicken has a heart rate equal to 275?,tbd,tbd,Boolean,AskQuery,[rdflib.term.Variable('obj')],{rdflib.term.Variable('obj')},"[(rdflib.term.URIRef('http://www.wikidata.org/entity/Q780'), rdflib.term.URIRef('http://www.wikidata.org/prop/direct/P3395'), rdflib.term.Variable('obj'))]","[(rdflib.term.URIRef('uri_ref_1'), rdflib.term.URIRef('uri_ref_2'), rdflib.term.URIRef('param_var1'))]"
29,How many siblings did Edward III of England have?,tbd,tbd,Count,SelectQuery,[rdflib.term.Variable('value')],{rdflib.term.Variable('obj')},"[(rdflib.term.URIRef('http://www.wikidata.org/entity/Q129247'), rdflib.term.URIRef('http://www.wikidata.org/prop/direct/P3373'), rdflib.term.Variable('obj'))]","[(rdflib.term.URIRef('uri_ref_1'), rdflib.term.URIRef('uri_ref_2'), rdflib.term.URIRef('var1'))]"
30,What is the number of copyrights that Apple owns?,tbd,tbd,Count,SelectQuery,[rdflib.term.Variable('value')],{rdflib.term.Variable('sub')},"[(rdflib.term.Variable('sub'), rdflib.term.URIRef('http://www.wikidata.org/prop/direct/P3931'), rdflib.term.URIRef('http://www.wikidata.org/entity/Q312'))]","[(rdflib.term.URIRef('var1'), rdflib.term.URIRef('uri_ref_1'), rdflib.term.URIRef('uri_ref_2'))]"
31,Which landlocked country has the highest GDP PPP?,tbd,tbd,Ranking,SelectQuery,[rdflib.term.Variable('ent')],"{rdflib.term.Variable('obj'), rdflib.term.Variable('ent')}","[(rdflib.term.Variable('ent'), rdflib.term.URIRef('http://www.wikidata.org/prop/direct/P31'), rdflib.term.URIRef('http://www.wikidata.org/entity/Q123480')), (rdflib.term.Variable('ent'), rdflib.term.URIRef('http://www.wikidata.org/prop/direct/P4010'), rdflib.term.Variable('obj'))]","[(rdflib.term.URIRef('param_var1'), rdflib.term.URIRef('uri_ref_1'), rdflib.term.URIRef('uri_ref_2')), (rdflib.term.URIRef('param_var1'), rdflib.term.URIRef('uri_ref_3'), rdflib.term.URIRef('var1'))]"
32,Which central bank has the highest target interest rate ?,tbd,tbd,Ranking,SelectQuery,[rdflib.term.Variable('ent')],"{rdflib.term.Variable('obj'), rdflib.term.Variable('ent')}","[(rdflib.term.Variable('ent'), rdflib.term.URIRef('http://www.wikidata.org/prop/direct/P31'), rdflib.term.URIRef('http://www.wikidata.org/entity/Q4830453')), (rdflib.term.Variable('ent'), rdflib.term.URIRef('http://www.wikidata.org/prop/direct/P31'), rdflib.term.URIRef('http://www.wikidata.org/entity/Q66344')), (rdflib.term.Variable('ent'), rdflib.term.URIRef('http://www.wikidata.org/prop/direct/P2661'), rdflib.term.Variable('obj'))]","[(rdflib.term.URIRef('param_var1'), rdflib.term.URIRef('uri_ref_1'), rdflib.term.URIRef('uri_ref_2')), (rdflib.term.URIRef('param_var1'), rdflib.term.URIRef('uri_ref_1'), rdflib.term.URIRef('uri_ref_3')), (rdflib.term.URIRef('param_var1'), rdflib.term.URIRef('uri_ref_4'), rdflib.term.URIRef('var1'))]"
33,What is the name of a battle that has the word siege in it.,tbd,tbd,Multi fact,SelectQuery,"[rdflib.term.Variable('sbj'), rdflib.term.Variable('sbj_label')]","{rdflib.term.Variable('sbj'), rdflib.term.Variable('sbj_label')}","[(rdflib.term.Variable('sbj'), rdflib.term.URIRef('http://www.wikidata.org/prop/direct/P31'), rdflib.term.URIRef('http://www.wikidata.org/entity/Q178561')), (rdflib.term.Variable('sbj'), rdflib.term.URIRef('http://www.w3.org/2000/01/rdf-schema#label'), rdflib.term.Variable('sbj_label'))]","[(rdflib.term.URIRef('param_var1'), rdflib.term.URIRef('uri_ref_1'), rdflib.term.URIRef('uri_ref_2')), (rdflib.term.URIRef('param_var1'), rdflib.term.URIRef('uri_ref_3'), rdflib.term.URIRef('param_var2'))]"
34,What are the city which start with the letter w,tbd,tbd,String Operation,SelectQuery,"[rdflib.term.Variable('sbj'), rdflib.term.Variable('sbj_label')]","{rdflib.term.Variable('sbj'), rdflib.term.Variable('sbj_label')}","[(rdflib.term.Variable('sbj'), rdflib.term.URIRef('http://www.wikidata.org/prop/direct/P31'), rdflib.term.URIRef('http://www.wikidata.org/entity/Q515')), (rdflib.term.Variable('sbj'), rdflib.term.URIRef('http://www.w3.org/2000/01/rdf-schema#label'), rdflib.term.Variable('sbj_label'))]","[(rdflib.term.URIRef('param_var1'), rdflib.term.URIRef('uri_ref_1'), rdflib.term.URIRef('uri_ref_2')), (rdflib.term.URIRef('param_var1'), rdflib.term.URIRef('uri_ref_3'), rdflib.term.URIRef('param_var2'))]"
35,Which is the magazine with place of publication in New York City and that contains the word vibe in it's name?,tbd,tbd,Multi fact,SelectQuery,"[rdflib.term.Variable('sbj'), rdflib.term.Variable('sbj_label')]","{rdflib.term.Variable('sbj'), rdflib.term.Variable('sbj_label')}","[(rdflib.term.Variable('sbj'), rdflib.term.URIRef('http://www.wikidata.org/prop/direct/P291'), rdflib.term.URIRef('http://www.wikidata.org/entity/Q60')), (rdflib.term.Variable('sbj'), rdflib.term.URIRef('http://www.wikidata.org/prop/direct/P31'), rdflib.term.URIRef('http://www.wikidata.org/entity/Q41298')), (rdflib.term.Variable('sbj'), rdflib.term.URIRef('http://www.w3.org/2000/01/rdf-schema#label'), rdflib.term.Variable('sbj_label'))]","[(rdflib.term.URIRef('param_var1'), rdflib.term.URIRef('uri_ref_1'), rdflib.term.URIRef('uri_ref_2')), (rdflib.term.URIRef('param_var1'), rdflib.term.URIRef('uri_ref_3'), rdflib.term.URIRef('uri_ref_4')), (rdflib.term.URIRef('param_var1'), rdflib.term.URIRef('uri_ref_5'), rdflib.term.URIRef('param_var2'))]"
36,Name a military rank that starts with letter M,tbd,tbd,String Operation,SelectQuery,"[rdflib.term.Variable('sbj'), rdflib.term.Variable('sbj_label')]","{rdflib.term.Variable('sbj'), rdflib.term.Variable('sbj_label')}","[(rdflib.term.Variable('sbj'), rdflib.term.URIRef('http://www.wikidata.org/prop/direct/P31'), rdflib.term.URIRef('http://www.wikidata.org/entity/Q5')), (rdflib.term.Variable('sbj'), rdflib.term.URIRef('http://www.wikidata.org/prop/direct/P410'), rdflib.term.URIRef('http://www.wikidata.org/entity/Q111837')), (rdflib.term.Variable('sbj'), rdflib.term.URIRef('http://www.w3.org/2000/01/rdf-schema#label'), rdflib.term.Variable('sbj_label'))]","[(rdflib.term.URIRef('param_var1'), rdflib.term.URIRef('uri_ref_1'), rdflib.term.URIRef('uri_ref_2')), (rdflib.term.URIRef('param_var1'), rdflib.term.URIRef('uri_ref_3'), rdflib.term.URIRef('uri_ref_4')), (rdflib.term.URIRef('param_var1'), rdflib.term.URIRef('uri_ref_5'), rdflib.term.URIRef('param_var2'))]"